<?xml version="1.0" encoding="UTF-8"?>
<!--Arbortext, Inc., 1988-2017, v.4002-->
<!DOCTYPE concept PUBLIC "-//OASIS//DTD DITA Concept//EN"
 "concept.dtd">
<concept id="function_guide_02" xml:lang="en-us">
<title>Easier multi-tasking</title>
<prolog>
<author>dwx931853</author>
</prolog>
<conbody>
<p>Touch and hold the bottom of a floating window and drag to adjust its size, or touch "–" in the top left corner to minimize it.</p>
<p>You can enable the Multi-Window dock from Settings > Accessibility features > Multi-Window.</p>
</conbody>
</concept>