<?xml version="1.0" encoding="UTF-8"?>
<!--Arbortext, Inc., 1988-2017, v.4002-->
<!DOCTYPE concept PUBLIC "-//OASIS//DTD DITA Concept//EN"
 "concept.dtd">
<concept id="function_guide_01" xml:lang="en-us">
<title>Liven up your lock screen</title>
<prolog>
<author>dwx931853</author>
</prolog>
<conbody>
<p>Bring your lock screen to life with a dynamic AOD. You can also customize your AOD with text, images, and more. Go to Settings > Home screen &amp; wallpaper > Always On Display to enable and customize it.</p>
</conbody>
</concept>