<?xml version="1.0" encoding="UTF-8"?>
<!--Arbortext, Inc., 1988-2017, v.4002-->
<!DOCTYPE concept PUBLIC "-//OASIS//DTD DITA Concept//EN"
 "concept.dtd">
<concept id="function_guide_03" xml:lang="en-us">
<title>Super Notepad</title>
<prolog>
<author>dwx931853</author>
</prolog>
<conbody>
<p>Sync changes and insert images from other devices, share notes between devices, and scan in documents. You can even extract and insert text from images and documents directly into your notes.</p>
</conbody>
</concept>