﻿<?xml version="1.0" encoding="utf-8"?>
<wm version="1.0" >
	<wmconfig
		supportlanguage="ZH"
		name="wm0206"
		category="food"
		preview="preview.png"
		port_layout_gravity="bottom|center_horizontal"
		port_margin_bottom="50"
		land_layout_gravity="bottom|center_horizontal"
		land_margin_bottom="50"
		w="194"
		tip_width="194"
		tip_height="110"/>

	
	<image id="imagetitle" layout_gravity="top|center_horizontal" w="57" h="42" pic="imperial_crown.png"/>


	<linearlayout  id="food" orientation="horizontal" below="imagetitle" layout_gravity="center_horizontal"  gravity="center_vertical">
		<image w="27"   h="27"  pic="imperial_left.png"/>
		<threemealstext  size="27" maxwidth="260"  text="water_mark_my_breakfast" fontcolor="#ffffffff"
		shadowcolor="#33000000" shadowx="1" shadowy="1" shadowr="1"  ellipsize="END"/>
		<image w="27"   h="27"  pic="imperial_right.png"/>
	</linearlayout>
	
	<linearlayout  id="texttitle" orientation="horizontal" below="food" layout_gravity="center_horizontal" gravity="center_vertical">
		<image w="48" pic="water_mark_line.png"/>	
		<text  gravity="center" size="14"  text="water_mark_food_19_describe_defaultvalue" fontcolor="#ffffffff" shadowcolor="#33000000" shadowx="1" shadowy="1" shadowr="1"/>
		<image w="48" pic="water_mark_line.png"/>
	</linearlayout>
	
	<date  below="texttitle" layout_gravity="center_horizontal" marginTop="3" size="14" format="systemymd" fontcolor="#ffffffff" shadowcolor="#33000000" shadowx="1" shadowy="1" shadowr="1"/>
</wm>