<?xml version="1.0" encoding="UTF-8"?>
<!--Arbortext, Inc., 1988-2017, v.4002-->
<!DOCTYPE concept PUBLIC "-//OASIS//DTD DITA Concept//EN"
 "concept.dtd">
<concept id="function_guide_01" xml:lang="zh-cn">
<title>动起来，熄屏更精彩</title>
<prolog>
<author>dwx931853</author>
</prolog>
<conbody>
<p>熄屏时支持屏幕动态显示，多套动态灭屏显示样式可供选择。同时支持文字、图片等多种形式的自定义灭屏样式，个性十足、乐趣无限。进入设置 > 桌面和壁纸 > 灭屏显示，开启灭屏显示，灭屏样式中可进行自定义设置。</p>
</conbody>
</concept>