<?xml version="1.0" encoding="UTF-8"?>
<!--Arbortext, Inc., 1988-2017, v.4002-->
<!DOCTYPE concept PUBLIC "-//OASIS//DTD DITA Concept//EN"
 "concept.dtd">
<concept id="function_guide_03" xml:lang="zh-cn">
<title>高效记录，随时查看</title>
<prolog>
<author>dwx931853</author>
</prolog>
<conbody>
<p>跨设备插入图片等形式，可实现多种华为设备多端协同记录，备忘内容在用户个人设备间可以随时查看，也可通过华为分享共享到其他设备。全新文档扫描功能，可快速识别提取图片或文档中的文字，进行再编辑后导出、分享。</p>
</conbody>
</concept>