<?xml version="1.0" encoding="UTF-8"?>
<!--Arbortext, Inc., 1988-2017, v.4002-->
<!DOCTYPE concept PUBLIC "-//OASIS//DTD DITA Concept//EN"
 "concept.dtd">
<concept id="function_guide_02" xml:lang="zh-cn">
<title>智慧多窗口，轻松切换</title>

<prolog>
<author>dwx931853</author>
</prolog>
<conbody>
<p>悬浮窗口可调节大小，可一键最小化为悬浮球，操作更高效。进入设置 > 辅助功能 > 智慧分屏，确认已开启智慧分屏应用栏，按住拖动悬浮窗左/右下角或底边横线任意位置可调节悬浮窗大小；点击悬浮窗菜单栏左上角的最小化图标，可将窗口缩小为悬浮球。</p>
</conbody>
</concept>